label,id,imageUrl
巴風特,1039,./assets/img/1039.png
死靈,1046,./assets/img/1046.png
蜂后,1059,./assets/img/1059.png
黃金蟲,1086,./assets/img/1086.png
獸人英雄,1087,./assets/img/1087.png
海盜之王,1112,./assets/img/1112.png
虎王,1115,./assets/img/1115.png
蟻后,1147,./assets/img/1147.png
月夜貓,1150,./assets/img/1150.png
法老王,1157,./assets/img/1157.png
皮里恩,1159,./assets/img/1159.png
獸人酋長,1190,./assets/img/1190.png
冰暴騎士,1251,./assets/img/1251.png
卡崙,1252,./assets/img/1252.png
黑暗之王,1272,./assets/img/1272.png
烏龜將軍,1312,./assets/img/1312.png
死靈騎士,1373,./assets/img/1373.png
德古拉男爵,1389,./assets/img/1389.png
墨蛇君,1418,./assets/img/1418.png
元靈武士,1492,./assets/img/1492.png
古埃及王,1511,./assets/img/1511.png
白素貞,1630,./assets/img/1630.png
塔奧群卡,1583,./assets/img/1583.png
RSX-0806,1623,./assets/img/1623.png
賽依連,1646,./assets/img/1646.png
艾勒梅斯,1647,./assets/img/1647.png
哈沃德,1648,./assets/img/1648.png
瑪嘉雷特,1649,./assets/img/1649.png
迪文,1650,./assets/img/1650.png
凱特莉娜,1651,./assets/img/1651.png
賽尼亞,1658,./assets/img/1658.png
貝思波,1685,./assets/img/1685.png
嗒妮小姐,1688,./assets/img/1688.png
魔劍,1708,./assets/img/1708.png
迪塔勒泰晤勒斯,1719,./assets/img/1719.png
齊爾-D-01,1734,./assets/img/1734.png
蘭特克力斯,1751,./assets/img/1751.png
幽暗夢魘,1768,./assets/img/1768.png
水晶龍,1779,./assets/img/1779.png
阿特羅斯,1785,./assets/img/1785.png
伊夫利特,1832,./assets/img/1832.png
悉潘,1871,./assets/img/1871.png
詛咒蠅王,1874,./assets/img/1874.png
青冠龍,1885,./assets/img/1885.png
波伊塔塔,2068,./assets/img/2068.png
女王甲蟲,2087,./assets/img/2087.png
黃金女王甲蟲,2165,./assets/img/2165.png
讓特,2156,./assets/img/2156.png
魔鬼大烏賊,2202,./assets/img/2202.png
淘汰者傅立葉,2249,./assets/img/2249.png
喬伊亞,2251,./assets/img/2251.png
將軍大賢,2253,./assets/img/2253.png
卡德斯,2255,./assets/img/2255.png
滅絕古埃及王,2362,./assets/img/2362.png
時間支配者,3074,./assets/img/3074.png
4885貝斯帝亞,20381,./assets/img/20381.png
巨大蛋黃波利,3505,./assets/img/3505.png
劇毒凱美拉,3633,./assets/img/3633.png
蜘蛛戰車,3741,./assets/img/3741.png
憤怒的月夜貓,3758,./assets/img/3758.png
甦醒水晶龍,3796,./assets/img/3796.png
不祥烏龜將軍,3804,./assets/img/3804.png
光芒泰迪熊,20260,./assets/img/20260.png
古代塔奧群卡,20273,./assets/img/20273.png
堅硬穆希貝斯寇,20419,./assets/img/20419.png
汙染蜘蛛女王,20421,./assets/img/20421.png
汙染黑暗之王,20422,./assets/img/20422.png
混沌巴風特,20520,./assets/img/20520.png
珠寶溫古力安特,20601,./assets/img/20601.png
巴基力雷吉麗芙,20610,./assets/img/20610.png
巴基力英格麗,20611,./assets/img/20611.png
骷髏龍王,20618,./assets/img/20618.png
大王喵喵,20648,./assets/img/20648.png
深海魔鬼大烏賊,20811,./assets/img/20811.png
變異救世主凱美拉,20928,./assets/img/20928.png
001貝斯蒂亞,20934,./assets/img/20934.png
火焰狼牙,21301,./assets/img/21301.png
寡言的蟻后,21395,./assets/img/21395.png
